<?xml version="1.0"?>
<!--<!DOCTYPE metadata SYSTEM "http://www.esri.com/metadata/esriprof80.dtd">-->
<metadata xml:lang="en"><Esri><CreaDate>20100902</CreaDate><CreaTime>10153800</CreaTime><SyncOnce>FALSE</SyncOnce><DataProperties><lineage><Process Name="Create Feature Class" ToolSource="C:\Program Files\ArcGIS\ArcToolbox\Toolboxes\Data Management Tools.tbx\CreateFeatureclass" Date="20050907" Time="114932">CreateFeatureclass "Database Connections\gldwebdb.cr.usgs.gov IMSOWNER.sde\IMSOWNER.qfaultdata" fltpoly # polygon_Layer SAME_AS_TEMPLATE SAME_AS_TEMPLATE "GEOGCS['GCS_Clarke_1866',DATUM['D_Clarke_1866',SPHEROID['Clarke_1866',6378206.4,294.9786982]],PRIMEM['Greenwich',0.0],UNIT['Degree',0.0174532925199433]];-318.074614 -199.377318 4620332.312767;0.000000 100000.000000;0.000000 100000.000000" # 0 0 0 "Database Connections\gldwebdb.cr.usgs.gov IMSOWNER.sde\IMSOWNER.qfaultdata\IMSOWNER.fltpoly"</Process><Process Name="Append" ToolSource="C:\Program Files\ArcGIS\ArcToolbox\Toolboxes\Data Management Tools.tbx\Append" Date="20050907" Time="114937">Append polygon_Layer "Database Connections\gldwebdb.cr.usgs.gov IMSOWNER.sde\IMSOWNER.qfaultdata\IMSOWNER.fltpoly" TEST "Database Connections\gldwebdb.cr.usgs.gov IMSOWNER.sde\IMSOWNER.qfaultdata\IMSOWNER.fltpoly"</Process><Process Name="FeatureClassToFeatureClass_1" ToolSource="C:\Program Files\ArcGIS\ArcToolbox\Toolboxes\Conversion Tools.tbx\FeatureClassToFeatureClass" Date="20050907" Time="114938">FeatureClassToFeatureClass \\deathstar\qfault\alldata_dd\usawork\fltpoly\polygon "Database Connections\gldwebdb.cr.usgs.gov IMSOWNER.sde\IMSOWNER.qfaultdata" fltpoly # "AREA AREA VISIBLE;PERIMETER PERIMETER VISIBLE;FLTPOLY# FLTPOLY# VISIBLE;FLTPOLY-ID FLTPOLY-ID VISIBLE;NAME NAME VISIBLE;AGE/CLASS AGE/CLASS VISIBLE;NUM NUM VISIBLE;AGE AGE VISIBLE;RATE RATE VISIBLE;SLIPSENSE SLIPSENSE VISIBLE;DIPDIRECTION DIPDIRECTION VISIBLE" SAME_AS_TEMPLATE SAME_AS_TEMPLATE # 0 "Database Connections\gldwebdb.cr.usgs.gov IMSOWNER.sde\IMSOWNER.qfaultdata\IMSOWNER.fltpoly"</Process><Process ToolSource="C:\Program Files\ArcGIS\ArcToolbox\Toolboxes\Data Management Tools.tbx\CopyFeatures" Date="20080211" Time="134217">CopyFeatures "Database Connections\imsowner on gldwebdb.sde\IMSOWNER.qfaultdata\IMSOWNER.fltpoly" E:\qfault\hawaii\USqfault.gdb\IMSOWNER_fltpoly # 0 0 0</Process><Process Name="FeatureClassToFeatureClass_8" ToolSource="C:\Program Files\ArcGIS\ArcToolbox\Toolboxes\Conversion Tools.tbx\FeatureClassToFeatureClass" Date="20080214" Time="122428">FeatureClassToFeatureClass E:\qfault\hawaii\USqfault.gdb\fltpoly "Database Connections\imsowner on gldwebdb.sde\IMSOWNER.qfaultdata2" fltpoly # "IMSOWNER_fltpoly_AREA AREA true true false 8 Double 0 0 ,First,#,E:\qfault\hawaii\USqfault.gdb\fltpoly,IMSOWNER_fltpoly_AREA,-1,-1;PERIMETER PERIMETER true true false 8 Double 0 0 ,First,#,E:\qfault\hawaii\USqfault.gdb\fltpoly,PERIMETER,-1,-1;NAME NAME true true false 80 Text 0 0 ,First,#,E:\qfault\hawaii\USqfault.gdb\fltpoly,NAME,-1,-1;AGE_CLASS AGE_CLASS true true false 1 Text 0 0 ,First,#,E:\qfault\hawaii\USqfault.gdb\fltpoly,AGE_CLASS,-1,-1;NUM NUM true true false 30 Text 0 0 ,First,#,E:\qfault\hawaii\USqfault.gdb\fltpoly,NUM,-1,-1;AGE AGE true true false 15 Text 0 0 ,First,#,E:\qfault\hawaii\USqfault.gdb\fltpoly,AGE,-1,-1;RATE RATE true true false 15 Text 0 0 ,First,#,E:\qfault\hawaii\USqfault.gdb\fltpoly,RATE,-1,-1;SLIPSENSE SLIPSENSE true true false 12 Text 0 0 ,First,#,E:\qfault\hawaii\USqfault.gdb\fltpoly,SLIPSENSE,-1,-1;DIPDIRECTION DIPDIRECTION true true false 15 Text 0 0 ,First,#,E:\qfault\hawaii\USqfault.gdb\fltpoly,DIPDIRECTION,-1,-1;SE_ANNO_CAD_DATA SE_ANNO_CAD_DATA true true false 0 Blob 0 0 ,First,#,E:\qfault\hawaii\USqfault.gdb\fltpoly,SE_ANNO_CAD_DATA,-1,-1;SHAPE_Length SHAPE_Length false true true 8 Double 0 0 ,First,#,E:\qfault\hawaii\USqfault.gdb\fltpoly,SHAPE_Length,-1,-1;SHAPE_Area SHAPE_Area false true true 8 Double 0 0 ,First,#,E:\qfault\hawaii\USqfault.gdb\fltpoly,SHAPE_Area,-1,-1" # "Database Connections\imsowner on gldwebdb.sde\IMSOWNER.qfaultdata2\IMSOWNER.fltpoly"</Process><Process Name="FeatureClassToFeatureClass_7" ToolSource="C:\Program Files\ArcGIS\ArcToolbox\Toolboxes\Conversion Tools.tbx\FeatureClassToFeatureClass" Date="20080320" Time="091105">FeatureClassToFeatureClass "Database Connections\imsowner on gldwebdb.sde\IMSOWNER.qfaultdata2\IMSOWNER.fltpoly" "Database Connections\imsowner on oracledev01.sde\IMSOWNER.QFAULTDATA" fltpoly # "IMSOWNER_FLTPOLY_AREA AREA true true false 8 Double 8 38 ,First,#,Database Connections\imsowner on gldwebdb.sde\IMSOWNER.qfaultdata2\IMSOWNER.fltpoly,IMSOWNER_FLTPOLY_AREA,-1,-1;PERIMETER PERIMETER true true false 8 Double 8 38 ,First,#,Database Connections\imsowner on gldwebdb.sde\IMSOWNER.qfaultdata2\IMSOWNER.fltpoly,PERIMETER,-1,-1;NAME NAME true true false 80 Text 0 0 ,First,#,Database Connections\imsowner on gldwebdb.sde\IMSOWNER.qfaultdata2\IMSOWNER.fltpoly,NAME,-1,-1;AGE_CLASS AGE_CLASS true true false 1 Text 0 0 ,First,#,Database Connections\imsowner on gldwebdb.sde\IMSOWNER.qfaultdata2\IMSOWNER.fltpoly,AGE_CLASS,-1,-1;NUM NUM true true false 30 Text 0 0 ,First,#,Database Connections\imsowner on gldwebdb.sde\IMSOWNER.qfaultdata2\IMSOWNER.fltpoly,NUM,-1,-1;AGE AGE true true false 15 Text 0 0 ,First,#,Database Connections\imsowner on gldwebdb.sde\IMSOWNER.qfaultdata2\IMSOWNER.fltpoly,AGE,-1,-1;RATE RATE true true false 15 Text 0 0 ,First,#,Database Connections\imsowner on gldwebdb.sde\IMSOWNER.qfaultdata2\IMSOWNER.fltpoly,RATE,-1,-1;SLIPSENSE SLIPSENSE true true false 12 Text 0 0 ,First,#,Database Connections\imsowner on gldwebdb.sde\IMSOWNER.qfaultdata2\IMSOWNER.fltpoly,SLIPSENSE,-1,-1;DIPDIRECTION DIPDIRECTION true true false 15 Text 0 0 ,First,#,Database Connections\imsowner on gldwebdb.sde\IMSOWNER.qfaultdata2\IMSOWNER.fltpoly,DIPDIRECTION,-1,-1;SE_ANNO_CAD_DATA SE_ANNO_CAD_DATA true true false 0 Blob 0 0 ,First,#,Database Connections\imsowner on gldwebdb.sde\IMSOWNER.qfaultdata2\IMSOWNER.fltpoly,SE_ANNO_CAD_DATA,-1,-1;AREA AREA false false true 0 Double 0 0 ,First,#,Database Connections\imsowner on gldwebdb.sde\IMSOWNER.qfaultdata2\IMSOWNER.fltpoly,SHAPE.AREA,-1,-1;LEN LEN false false true 0 Double 0 0 ,First,#,Database Connections\imsowner on gldwebdb.sde\IMSOWNER.qfaultdata2\IMSOWNER.fltpoly,SHAPE.LEN,-1,-1" # "Database Connections\imsowner on oracledev01.sde\IMSOWNER.QFAULTDATA\IMSOWNER.fltpoly"</Process><Process Name="FeatureClassToFeatureClass_2" ToolSource="C:\Program Files\ArcGIS\ArcToolbox\Toolboxes\Conversion Tools.tbx\FeatureClassToFeatureClass" Date="20080407" Time="135146">FeatureClassToFeatureClass "Database Connections\imsowner on oracledev01.sde\IMSOWNER.QFAULTDATA\IMSOWNER.fltpoly" E:\qfault\qfdata20080401 fltpoly.shp # "IMSOWNER_F AREA true true false 8 Double 8 38 ,First,#,Database Connections\imsowner on oracledev01.sde\IMSOWNER.QFAULTDATA\IMSOWNER.fltpoly,IMSOWNER_FLTPOLY_AREA,-1,-1;PERIMETER PERIMETER true true false 8 Double 8 38 ,First,#,Database Connections\imsowner on oracledev01.sde\IMSOWNER.QFAULTDATA\IMSOWNER.fltpoly,PERIMETER,-1,-1;NAME NAME true true false 80 Text 0 0 ,First,#,Database Connections\imsowner on oracledev01.sde\IMSOWNER.QFAULTDATA\IMSOWNER.fltpoly,NAME,-1,-1;AGE_CLASS AGE_CLASS true true false 1 Text 0 0 ,First,#,Database Connections\imsowner on oracledev01.sde\IMSOWNER.QFAULTDATA\IMSOWNER.fltpoly,AGE_CLASS,-1,-1;NUM NUM true true false 30 Text 0 0 ,First,#,Database Connections\imsowner on oracledev01.sde\IMSOWNER.QFAULTDATA\IMSOWNER.fltpoly,NUM,-1,-1;AGE AGE true true false 15 Text 0 0 ,First,#,Database Connections\imsowner on oracledev01.sde\IMSOWNER.QFAULTDATA\IMSOWNER.fltpoly,AGE,-1,-1;RATE RATE true true false 15 Text 0 0 ,First,#,Database Connections\imsowner on oracledev01.sde\IMSOWNER.QFAULTDATA\IMSOWNER.fltpoly,RATE,-1,-1;SLIPSENSE SLIPSENSE true true false 12 Text 0 0 ,First,#,Database Connections\imsowner on oracledev01.sde\IMSOWNER.QFAULTDATA\IMSOWNER.fltpoly,SLIPSENSE,-1,-1;DIPDIRECTI DIPDIRECTI true true false 15 Text 0 0 ,First,#,Database Connections\imsowner on oracledev01.sde\IMSOWNER.QFAULTDATA\IMSOWNER.fltpoly,DIPDIRECTION,-1,-1;AREA AREA false true true 8 Double 8 38 ,First,#,Database Connections\imsowner on oracledev01.sde\IMSOWNER.QFAULTDATA\IMSOWNER.fltpoly,IMSOWNER.fltpoly.AREA,-1,-1;LEN LEN false true true 8 Double 8 38 ,First,#,Database Connections\imsowner on oracledev01.sde\IMSOWNER.QFAULTDATA\IMSOWNER.fltpoly,IMSOWNER.fltpoly.LEN,-1,-1;AREA_1 AREA_1 false false true 0 Double 0 0 ,First,#,Database Connections\imsowner on oracledev01.sde\IMSOWNER.QFAULTDATA\IMSOWNER.fltpoly,SHAPE.AREA,-1,-1" # E:\qfault\qfdata20080401\fltpoly.shp</Process><Process Name="Project_1" ToolSource="C:\Documents and Settings\rhea.GOLDEN0\Application Data\ESRI\ArcToolbox\My Toolboxes\1 SusansTools.tbx\Project" Date="20081209" Time="092823">Project E:\qfault\qfdata20080820\fltpoly_PrjRedefined.shp E:\qfault\qfdata20080820\fltpoly_PrjRedefined_83.shp GEOGCS['GCS_North_American_1983',DATUM['D_North_American_1983',SPHEROID['GRS_1980',6378137.0,298.257222101]],PRIMEM['Greenwich',0.0],UNIT['Degree',0.0174532925199433]] NAD_1927_To_NAD_1983_NADCON GEOGCS['GCS_North_American_1927',DATUM['D_North_American_1927',SPHEROID['Clarke_1866',6378206.4,294.9786982]],PRIMEM['Greenwich',0.0],UNIT['Degree',0.0174532925199433]]</Process><Process Name="Project_2" ToolSource="C:\Documents and Settings\rhea.GOLDEN0\Application Data\ESRI\ArcToolbox\My Toolboxes\1 SusansTools.tbx\Project" Date="20081209" Time="092856">Project E:\qfault\qfdata20080820\fltpoly_PrjRedefined_83.shp E:\qfault\qfdata20080820\fltpoly_PrjRedefined_84.shp GEOGCS['GCS_WGS_1984',DATUM['D_WGS_1984',SPHEROID['WGS_1984',6378137.0,298.257223563]],PRIMEM['Greenwich',0.0],UNIT['Degree',0.0174532925199433]] NAD_1983_To_WGS_1984_1 GEOGCS['GCS_North_American_1983',DATUM['D_North_American_1983',SPHEROID['GRS_1980',6378137.0,298.257222101]],PRIMEM['Greenwich',0.0],UNIT['Degree',0.0174532925199433]]</Process><Process Name="FeatureClassToFeatureClass_8" ToolSource="C:\Program Files\ArcGIS\ArcToolbox\Toolboxes\Conversion Tools.tbx\FeatureClassToFeatureClass" Date="20081211" Time="102931">FeatureClassToFeatureClass E:\qfault\qfdata20081209\fltpoly.shp Q:\QFault2008\QFaultData.gdb USQfaultPoly # "NAME NAME true false false 80 Text 0 0 ,First,#,E:\qfault\qfdata20081209\fltpoly.shp,NAME,-1,-1;AGE_CLASS AGE_CLASS true false false 1 Text 0 0 ,First,#,E:\qfault\qfdata20081209\fltpoly.shp,AGE_CLASS,-1,-1;NUM NUM true false false 30 Text 0 0 ,First,#,E:\qfault\qfdata20081209\fltpoly.shp,NUM,-1,-1;AGE AGE true false false 15 Text 0 0 ,First,#,E:\qfault\qfdata20081209\fltpoly.shp,AGE,-1,-1;RATE RATE true false false 15 Text 0 0 ,First,#,E:\qfault\qfdata20081209\fltpoly.shp,RATE,-1,-1;SLIPSENSE SLIPSENSE true false false 12 Text 0 0 ,First,#,E:\qfault\qfdata20081209\fltpoly.shp,SLIPSENSE,-1,-1;DIPDIRECTI DIPDIRECTI true false false 15 Text 0 0 ,First,#,E:\qfault\qfdata20081209\fltpoly.shp,DIPDIRECTI,-1,-1;AREA AREA true false false 19 Double 8 18 ,First,#,E:\qfault\qfdata20081209\fltpoly.shp,AREA,-1,-1" # Q:\QFault2008\QFaultData.gdb\USQfaultPoly</Process></lineage></DataProperties><SyncDate>20081211</SyncDate><SyncTime>10293000</SyncTime><ModDate>20081211</ModDate><ModTime>10293000</ModTime><MetaID>{F082A570-8239-4C23-BE8D-3E32BBF11058}</MetaID></Esri><idinfo><native Sync="TRUE">Microsoft Windows XP Version 5.1 (Build 2600) Service Pack 3; ESRI ArcCatalog 9.2.4.1420</native><descript><langdata Sync="TRUE">en</langdata><abstract>REQUIRED: A brief narrative summary of the data set.</abstract><purpose>REQUIRED: A summary of the intentions with which the data set was developed.</purpose></descript><citation><citeinfo><origin>REQUIRED: The name of an organization or individual that developed the data set.</origin><pubdate>REQUIRED: The date when the data set is published or otherwise made available for release.</pubdate><title Sync="TRUE">USQfaultPoly</title><ftname Sync="TRUE">USQfaultPoly</ftname><geoform Sync="TRUE">vector digital data</geoform><onlink Sync="TRUE"></onlink></citeinfo></citation><timeperd><current>REQUIRED: The basis on which the time period of content information is determined.</current><timeinfo><sngdate><caldate>REQUIRED: The year (and optionally month, or month and day) for which the data set corresponds to the ground.</caldate></sngdate></timeinfo></timeperd><status><progress>REQUIRED: The state of the data set.</progress><update>REQUIRED: The frequency with which changes and additions are made to the data set after the initial data set is completed.</update></status><spdom><bounding><westbc Sync="TRUE">-156.018065</westbc><eastbc Sync="TRUE">-70.805899</eastbc><northbc Sync="TRUE">42.841659</northbc><southbc Sync="TRUE">18.929514</southbc></bounding><lboundng><leftbc Sync="TRUE">-156.018065</leftbc><rightbc Sync="TRUE">-70.805899</rightbc><bottombc Sync="TRUE">18.929514</bottombc><topbc Sync="TRUE">42.841659</topbc></lboundng></spdom><keywords><theme><themekt>REQUIRED: Reference to a formally registered thesaurus or a similar authoritative source of theme keywords.</themekt><themekey>REQUIRED: Common-use word or phrase used to describe the subject of the data set.</themekey></theme></keywords><accconst>REQUIRED: Restrictions and legal prerequisites for accessing the data set.</accconst><useconst>REQUIRED: Restrictions and legal prerequisites for using the data set after access is granted.</useconst><natvform Sync="TRUE">File Geodatabase Feature Class</natvform></idinfo><dataIdInfo><envirDesc Sync="TRUE">Microsoft Windows XP Version 5.1 (Build 2600) Service Pack 3; ESRI ArcCatalog 9.2.4.1420</envirDesc><dataLang><languageCode Sync="TRUE" value="en"></languageCode></dataLang><idCitation><resTitle Sync="TRUE">USQfaultPoly</resTitle><presForm><PresFormCd Sync="TRUE" value="005"></PresFormCd></presForm></idCitation><spatRpType><SpatRepTypCd Sync="TRUE" value="001"></SpatRepTypCd></spatRpType><dataExt><geoEle><GeoBndBox esriExtentType="native"><westBL Sync="TRUE">-156.018065</westBL><eastBL Sync="TRUE">-70.805899</eastBL><northBL Sync="TRUE">42.841659</northBL><southBL Sync="TRUE">18.929514</southBL><exTypeCode Sync="TRUE">1</exTypeCode></GeoBndBox></geoEle></dataExt><geoBox esriExtentType="decdegrees"><westBL Sync="TRUE">-156.018065</westBL><eastBL Sync="TRUE">-70.805899</eastBL><northBL Sync="TRUE">42.841659</northBL><southBL Sync="TRUE">18.929514</southBL><exTypeCode Sync="TRUE">1</exTypeCode></geoBox></dataIdInfo><metainfo><langmeta Sync="TRUE">en</langmeta><metstdn Sync="TRUE">FGDC Content Standards for Digital Geospatial Metadata</metstdn><metstdv Sync="TRUE">FGDC-STD-001-1998</metstdv><mettc Sync="TRUE">local time</mettc><metc><cntinfo><cntorgp><cntper>REQUIRED: The person responsible for the metadata information.</cntper><cntorg>REQUIRED: The organization responsible for the metadata information.</cntorg></cntorgp><cntaddr><addrtype>REQUIRED: The mailing and/or physical address for the organization or individual.</addrtype><city>REQUIRED: The city of the address.</city><state>REQUIRED: The state or province of the address.</state><postal>REQUIRED: The ZIP or other postal code of the address.</postal></cntaddr><cntvoice>REQUIRED: The telephone number by which individuals can speak to the organization or individual.</cntvoice></cntinfo></metc><metd Sync="TRUE">20081211</metd><metextns><onlink Sync="TRUE">http://www.esri.com/metadata/esriprof80.html</onlink><metprof Sync="TRUE">ESRI Metadata Profile</metprof></metextns></metainfo><mdLang><languageCode Sync="TRUE" value="en"></languageCode></mdLang><mdStanName Sync="TRUE">ISO 19115 Geographic Information - Metadata</mdStanName><mdStanVer Sync="TRUE">DIS_ESRI1.0</mdStanVer><mdChar><CharSetCd Sync="TRUE" value="004"></CharSetCd></mdChar><mdHrLv><ScopeCd Sync="TRUE" value="005"></ScopeCd></mdHrLv><mdHrLvName Sync="TRUE">dataset</mdHrLvName><distinfo><resdesc Sync="TRUE">Downloadable Data</resdesc><stdorder><digform><digtinfo><transize Sync="TRUE">0.145</transize><dssize Sync="TRUE">0.145</dssize></digtinfo></digform></stdorder></distinfo><distInfo><distributor><distorTran><onLineSrc><orDesc Sync="TRUE">002</orDesc><linkage Sync="TRUE">file://</linkage><protocol Sync="TRUE">Local Area Network</protocol></onLineSrc><transSize Sync="TRUE">0.145</transSize></distorTran><distorFormat><formatName Sync="TRUE">File Geodatabase Feature Class</formatName></distorFormat></distributor></distInfo><spdoinfo><direct Sync="TRUE">Vector</direct><ptvctinf><esriterm Name="USQfaultPoly"><efeatyp Sync="TRUE">Simple</efeatyp><efeageom Sync="TRUE">Polygon</efeageom><esritopo Sync="TRUE">FALSE</esritopo><efeacnt Sync="TRUE">0</efeacnt><spindex Sync="TRUE">TRUE</spindex><linrefer Sync="TRUE">FALSE</linrefer></esriterm><sdtsterm Name="USQfaultPoly"><sdtstype Sync="TRUE">G-polygon</sdtstype><ptvctcnt Sync="TRUE">0</ptvctcnt></sdtsterm></ptvctinf></spdoinfo><spref><horizsys><cordsysn><geogcsn Sync="TRUE">GCS_WGS_1984</geogcsn></cordsysn><geograph><geogunit Sync="TRUE">Decimal degrees</geogunit><latres Sync="TRUE">0.000000</latres><longres Sync="TRUE">0.000000</longres></geograph><geodetic><horizdn Sync="TRUE">D_WGS_1984</horizdn><ellips Sync="TRUE">WGS_1984</ellips><semiaxis Sync="TRUE">6378137.000000</semiaxis><denflat Sync="TRUE">298.257224</denflat></geodetic></horizsys><vertdef><altsys><altenc Sync="TRUE">Explicit elevation coordinate included with horizontal coordinates</altenc><altres Sync="TRUE">1.000000</altres></altsys></vertdef></spref><refSysInfo><RefSystem><refSysID><identCode Sync="TRUE">GCS_WGS_1984</identCode></refSysID></RefSystem></refSysInfo><spatRepInfo><VectSpatRep><topLvl><TopoLevCd Sync="TRUE" value="001"></TopoLevCd></topLvl><geometObjs Name="USQfaultPoly"><geoObjTyp><GeoObjTypCd Sync="TRUE" value="001"></GeoObjTypCd></geoObjTyp><geoObjCnt Sync="TRUE">0</geoObjCnt></geometObjs></VectSpatRep></spatRepInfo><eainfo><detailed Name="USQfaultPoly"><enttyp><enttypl Sync="TRUE">USQfaultPoly</enttypl><enttypt Sync="TRUE">Feature Class</enttypt><enttypc Sync="TRUE">0</enttypc></enttyp><attr><attrlabl Sync="TRUE">NAME</attrlabl><attalias Sync="TRUE">NAME</attalias><attrtype Sync="TRUE">String</attrtype><attwidth Sync="TRUE">80</attwidth><atprecis Sync="TRUE">0</atprecis><attscale Sync="TRUE">0</attscale></attr><attr><attrlabl Sync="TRUE">NUM</attrlabl><attalias Sync="TRUE">NUM</attalias><attrtype Sync="TRUE">String</attrtype><attwidth Sync="TRUE">30</attwidth><atprecis Sync="TRUE">0</atprecis><attscale Sync="TRUE">0</attscale></attr><attr><attrlabl Sync="TRUE">SHAPE</attrlabl><attalias Sync="TRUE">Shape</attalias><attrtype Sync="TRUE">Number</attrtype><attwidth Sync="TRUE">19</attwidth><attrdef Sync="TRUE">Feature geometry.</attrdef><attrdefs Sync="TRUE">ESRI</attrdefs><attrdomv><udom Sync="TRUE">Coordinates defining the features.</udom></attrdomv><atnumdec Sync="TRUE">8</atnumdec></attr><attr><attrlabl Sync="TRUE">SLIPSENSE</attrlabl><attalias Sync="TRUE">SLIPSENSE</attalias><attrtype Sync="TRUE">Number</attrtype><attwidth Sync="TRUE">19</attwidth><atnumdec Sync="TRUE">8</atnumdec></attr><attr><attrlabl Sync="TRUE">RATE</attrlabl><attalias Sync="TRUE">RATE</attalias><attrtype Sync="TRUE">String</attrtype><attwidth Sync="TRUE">30</attwidth></attr><attr><attrlabl Sync="TRUE">AGE</attrlabl><attalias Sync="TRUE">AGE</attalias><attrtype Sync="TRUE">String</attrtype><attwidth Sync="TRUE">15</attwidth></attr><attr><attrlabl Sync="TRUE">DIPDIRECTI</attrlabl><attalias Sync="TRUE">DIPDIRECTI</attalias><attrtype Sync="TRUE">Number</attrtype><attwidth Sync="TRUE">19</attwidth><atnumdec Sync="TRUE">8</atnumdec></attr><attr><attrlabl Sync="TRUE">AGE_CLASS</attrlabl><attalias Sync="TRUE">AGE_CLASS</attalias><attrtype Sync="TRUE">String</attrtype><attwidth Sync="TRUE">15</attwidth></attr><attr><attrlabl Sync="TRUE">AREA</attrlabl><attalias Sync="TRUE">AREA</attalias><attrtype Sync="TRUE">Number</attrtype><attwidth Sync="TRUE">19</attwidth><atnumdec Sync="TRUE">8</atnumdec></attr><attr><attrlabl Sync="TRUE">OBJECTID</attrlabl><attalias Sync="TRUE">OBJECTID</attalias><attrtype Sync="TRUE">OID</attrtype><attwidth Sync="TRUE">4</attwidth><atprecis Sync="TRUE">0</atprecis><attscale Sync="TRUE">0</attscale><attrdef Sync="TRUE">Internal feature number.</attrdef><attrdefs Sync="TRUE">ESRI</attrdefs><attrdomv><udom Sync="TRUE">Sequential unique whole numbers that are automatically generated.</udom></attrdomv></attr><attr><attrlabl Sync="TRUE">Shape</attrlabl><attalias Sync="TRUE">Shape</attalias><attrtype Sync="TRUE">String</attrtype><attwidth Sync="TRUE">15</attwidth><attrdef Sync="TRUE">Feature geometry.</attrdef><attrdefs Sync="TRUE">ESRI</attrdefs><attrdomv><udom Sync="TRUE">Coordinates defining the features.</udom></attrdomv></attr><attr><attrlabl Sync="TRUE">Shape_Length</attrlabl><attalias Sync="TRUE">Shape_Length</attalias><attrtype Sync="TRUE">Double</attrtype><attwidth Sync="TRUE">8</attwidth><atprecis Sync="TRUE">0</atprecis><attscale Sync="TRUE">0</attscale><attrdef Sync="TRUE">Length of feature in internal units.</attrdef><attrdefs Sync="TRUE">ESRI</attrdefs><attrdomv><udom Sync="TRUE">Positive real numbers that are automatically generated.</udom></attrdomv></attr><attr><attrlabl Sync="TRUE">Shape_Area</attrlabl><attalias Sync="TRUE">Shape_Area</attalias><attrtype Sync="TRUE">Double</attrtype><attwidth Sync="TRUE">8</attwidth><atprecis Sync="TRUE">0</atprecis><attscale Sync="TRUE">0</attscale><attrdef Sync="TRUE">Area of feature in internal units squared.</attrdef><attrdefs Sync="TRUE">ESRI</attrdefs><attrdomv><udom Sync="TRUE">Positive real numbers that are automatically generated.</udom></attrdomv></attr></detailed></eainfo><mdDateSt Sync="TRUE">20081211</mdDateSt><dataqual><lineage><procstep><procdesc Sync="TRUE">Dataset copied.</procdesc><srcused Sync="TRUE">E:\qfault\qfdata20080820\fltpoly</srcused><date Sync="TRUE">20081209</date><time Sync="TRUE">09264000</time></procstep><procstep><procdesc Sync="TRUE">Dataset copied.</procdesc><srcused Sync="TRUE"></srcused><date Sync="TRUE">20081209</date><time Sync="TRUE">09282200</time></procstep><procstep><procdesc Sync="TRUE">Dataset copied.</procdesc><srcused Sync="TRUE"></srcused><date Sync="TRUE">20081209</date><time Sync="TRUE">09285600</time></procstep><procstep><procdesc Sync="TRUE">Dataset copied.</procdesc><srcused Sync="TRUE">E:\qfault\qfdata20080820\fltpoly_PrjRedefined_84</srcused><date Sync="TRUE">20081209</date><time Sync="TRUE">13344800</time></procstep><procstep><procdesc Sync="TRUE">Dataset copied.</procdesc><srcused Sync="TRUE">E:\qfault\qfdata20081209\fltpoly_PrjRedefined_84</srcused><date Sync="TRUE">20081209</date><time Sync="TRUE">13353500</time></procstep><procstep><procdesc Sync="TRUE">Dataset copied.</procdesc><srcused Sync="TRUE">\\IGSKCICGASGIS\gisdata\Qfaultsupdated\QFaultData.gdb</srcused><procdate Sync="TRUE">20100902</procdate><proctime Sync="TRUE">10153800</proctime></procstep></lineage></dataqual></metadata>
